/*
 * SAMPLE
 */

-- INSERTDATA：PRODUCTLIST
INSERT INTO PRODUCTLIST (PRODUCTID, PRODUCTNAME, GROUPNAME, COSTS, PRISE) VALUES (1, 'TABLEPC', 'PC', 150000, 180000);
INSERT INTO PRODUCTLIST (PRODUCTID, PRODUCTNAME, GROUPNAME, COSTS, PRISE) VALUES (2, 'NOTEBOOK', 'PC', 230000, 270000);
INSERT INTO PRODUCTLIST (PRODUCTID, PRODUCTNAME, GROUPNAME, COSTS, PRISE) VALUES (3, '17_SCREEN', 'EQUIPMENT', 40000, 50000);
INSERT INTO PRODUCTLIST (PRODUCTID, PRODUCTNAME, GROUPNAME, COSTS, PRISE) VALUES (4, '19_SCREEN', 'EQUIPMENT', 80000, 95000);
INSERT INTO PRODUCTLIST (PRODUCTID, PRODUCTNAME, GROUPNAME, COSTS, PRISE) VALUES (5, '15_LIQUIDSCREEN', 'EQUIPMENT', 100000, 120000);
INSERT INTO PRODUCTLIST (PRODUCTID, PRODUCTNAME, GROUPNAME, COSTS, PRISE) VALUES (6, 'DIGICAMERA', 'EQUIPMENT', NULL, NULL);
INSERT INTO PRODUCTLIST (PRODUCTID, PRODUCTNAME, GROUPNAME, COSTS, PRISE) VALUES (7, 'PRINTER', 'EQUIPMENT', 20000, 25000);
INSERT INTO PRODUCTLIST (PRODUCTID, PRODUCTNAME, GROUPNAME, COSTS, PRISE) VALUES (8, 'SCANER', 'EQUIPMENT', 25000, 30000);
INSERT INTO PRODUCTLIST (PRODUCTID, PRODUCTNAME, GROUPNAME, COSTS, PRISE) VALUES (9, 'HUB', 'WEBEQUIPMENT', 5000, 7000);
INSERT INTO PRODUCTLIST (PRODUCTID, PRODUCTNAME, GROUPNAME, COSTS, PRISE) VALUES (10, 'WEBCARD', 'WEBEQUIPMENT', 15000, 20000);

-- INSERTDATA：ASSISTANTLIST
INSERT INTO ASSISTANTLIST (ASSISTANTID, ASSISTANTNAME, ENGLISHNAME, BIRTHDAY, GENDER) VALUES (1, 'MR.SUZUKI', 'SUZUKI', '23-1月-1960', 1);
INSERT INTO ASSISTANTLIST (ASSISTANTID, ASSISTANTNAME, ENGLISHNAME, BIRTHDAY, GENDER) VALUES (2, 'MR.ONO', 'ONO', '02-8月-1960', 1);
INSERT INTO ASSISTANTLIST (ASSISTANTID, ASSISTANTNAME, ENGLISHNAME, BIRTHDAY, GENDER) VALUES (3, 'MR.SAITO', 'SAITO', '15-10月-1963', 1);
INSERT INTO ASSISTANTLIST (ASSISTANTID, ASSISTANTNAME, ENGLISHNAME, BIRTHDAY, GENDER, MGR_ID) VALUES (4, 'MR.FUJIMOTO', 'FUJIMOTO', '18-7月-1972', 1, 3);
INSERT INTO ASSISTANTLIST (ASSISTANTID, ASSISTANTNAME, ENGLISHNAME, BIRTHDAY, GENDER, MGR_ID) VALUES (5, 'MS.KOBAYASHI', 'KOBAYASHI', '11-2月-1971', 0, 3);
INSERT INTO ASSISTANTLIST (ASSISTANTID, ASSISTANTNAME, ENGLISHNAME, BIRTHDAY, GENDER, MGR_ID) VALUES (6, 'MS.ITO', 'ITO', '01-4月-1972', 0, 2);
INSERT INTO ASSISTANTLIST (ASSISTANTID, ASSISTANTNAME, ENGLISHNAME, BIRTHDAY, GENDER, MGR_ID) VALUES (7, 'MR.SASE', 'SASE', '21-2月-1975', 1, 2);
INSERT INTO ASSISTANTLIST (ASSISTANTID, ASSISTANTNAME, ENGLISHNAME, BIRTHDAY, GENDER, MGR_ID) VALUES (8, 'MR.UGAGIN', 'UGAJIN', '22-12月-1975', 1, 1);
INSERT INTO ASSISTANTLIST (ASSISTANTID, ASSISTANTNAME, ENGLISHNAME, BIRTHDAY, GENDER, MGR_ID) VALUES (9, 'MR.OKADA', 'OKADA', '18-3月-1972', 1, 4);


-- INSERTDATA：GUESTLIST
INSERT INTO GUESTLIST (GUESTID, GUESTNAME, ADDRESS) VALUES (1, 'Waikikisoft', '090-AAAA-AAAA');
INSERT INTO GUESTLIST (GUESTID, GUESTNAME, ADDRESS) VALUES (2, 'suzukibusiness', '090-BBBB-BBBB');
INSERT INTO GUESTLIST (GUESTID, GUESTNAME, ADDRESS) VALUES (3, 'saitocompany', '090-CCCC-CCCC');
INSERT INTO GUESTLIST (GUESTID, GUESTNAME, ADDRESS) VALUES (4, 'MicroHard', '090-DDDD-DDDD');
INSERT INTO GUESTLIST (GUESTID, GUESTNAME, ADDRESS) VALUES (5, 'Lanru', '090-EEEE-EEEE');

-- INSERTDATA：SALEDATA
INSERT INTO SALEDATA (RECEIPTSID, LINEID, DATEZ, PRODUCTID, ASSISTANTID, GUESTID, QUANTITY) VALUES (1, 1, '06-4月-2006', 1, 1, 2, 3);
INSERT INTO SALEDATA (RECEIPTSID, LINEID, DATEZ, PRODUCTID, ASSISTANTID, GUESTID, QUANTITY) VALUES (1, 2, '06-4月-2006', 4, 1, 2, 3);
INSERT INTO SALEDATA (RECEIPTSID, LINEID, DATEZ, PRODUCTID, ASSISTANTID, GUESTID, QUANTITY) VALUES (2, 1, '12-4月-2006', 1, 2, 1, 1);
INSERT INTO SALEDATA (RECEIPTSID, LINEID, DATEZ, PRODUCTID, ASSISTANTID, GUESTID, QUANTITY) VALUES (3, 1, '18-4月-2006', 1, 2, 2, 1);
INSERT INTO SALEDATA (RECEIPTSID, LINEID, DATEZ, PRODUCTID, ASSISTANTID, GUESTID, QUANTITY) VALUES (4, 1, '26-4月-2006', 2, 3, 4, 1);
INSERT INTO SALEDATA (RECEIPTSID, LINEID, DATEZ, PRODUCTID, ASSISTANTID, GUESTID, QUANTITY) VALUES (4, 2, '26-4月-2006', 7, 3, 4, 1);
INSERT INTO SALEDATA (RECEIPTSID, LINEID, DATEZ, PRODUCTID, ASSISTANTID, GUESTID, QUANTITY) VALUES (4, 3, '26-4月-2006', 8, 3, 4, 1);
INSERT INTO SALEDATA (RECEIPTSID, LINEID, DATEZ, PRODUCTID, ASSISTANTID, GUESTID, QUANTITY) VALUES (5, 1, '08-5月-2006', 3, 6, 1, 3);
INSERT INTO SALEDATA (RECEIPTSID, LINEID, DATEZ, PRODUCTID, ASSISTANTID, GUESTID, QUANTITY) VALUES (6, 1, '12-5月-2006', 1, 2, 5, 1);
INSERT INTO SALEDATA (RECEIPTSID, LINEID, DATEZ, PRODUCTID, ASSISTANTID, GUESTID, QUANTITY) VALUES (6, 2, '12-5月-2006', 3, 2, 5, 2);
INSERT INTO SALEDATA (RECEIPTSID, LINEID, DATEZ, PRODUCTID, ASSISTANTID, GUESTID, QUANTITY) VALUES (7, 1, '19-5月-2006', 2, 5, 4, 1);
INSERT INTO SALEDATA (RECEIPTSID, LINEID, DATEZ, PRODUCTID, ASSISTANTID, GUESTID, QUANTITY) VALUES (8, 1, '22-5月-2006', 2, 6, 1, 1);
INSERT INTO SALEDATA (RECEIPTSID, LINEID, DATEZ, PRODUCTID, ASSISTANTID, GUESTID, QUANTITY) VALUES (9, 1, '25-5月-2006', 5, 8, 2, 5);
INSERT INTO SALEDATA (RECEIPTSID, LINEID, DATEZ, PRODUCTID, ASSISTANTID, GUESTID, QUANTITY) VALUES (10, 1, '02-6月-2006', 5, 2, 1, 1);
INSERT INTO SALEDATA (RECEIPTSID, LINEID, DATEZ, PRODUCTID, ASSISTANTID, GUESTID, QUANTITY) VALUES (11, 1, '06-6月-2006', 2, 3, 3, 2);
INSERT INTO SALEDATA (RECEIPTSID, LINEID, DATEZ, PRODUCTID, ASSISTANTID, GUESTID, QUANTITY) VALUES (11, 2, '06-6月-2006', 10, 3, 3, 1);
INSERT INTO SALEDATA (RECEIPTSID, LINEID, DATEZ, PRODUCTID, ASSISTANTID, GUESTID, QUANTITY) VALUES (12, 1, '12-6月-2006', 2, 6, 2, 1);
INSERT INTO SALEDATA (RECEIPTSID, LINEID, DATEZ, PRODUCTID, ASSISTANTID, GUESTID, QUANTITY) VALUES (13, 1, '15-6月-2006', 9, 7, 5, 5);
INSERT INTO SALEDATA (RECEIPTSID, LINEID, DATEZ, PRODUCTID, ASSISTANTID, GUESTID, QUANTITY) VALUES (13, 2, '15-6月-2006', 2, 7, 5, 2);
INSERT INTO SALEDATA (RECEIPTSID, LINEID, DATEZ, PRODUCTID, ASSISTANTID, GUESTID, QUANTITY) VALUES (13, 3, '15-6月-2006', 10, 7, 5, 1);

-- INSERTDATA：SUBASSISTANTLIST
INSERT INTO SUBASSISTANTLIST (SUBASSISTANTID, SUBASSISTANTNAME, ENGLISHNAME, BIRTHDAY, GENDER) VALUES (4, 'MR.FUJIMOTO', 'FUJIMOTO', '18-7月-1972', 1);
INSERT INTO SUBASSISTANTLIST (SUBASSISTANTID, SUBASSISTANTNAME, ENGLISHNAME, BIRTHDAY, GENDER, MGR_ID) VALUES (9, 'MR.OKADA', 'OKADA', '18-3月-1972', 1, 4);
INSERT INTO SUBASSISTANTLIST (SUBASSISTANTID, SUBASSISTANTNAME, ENGLISHNAME, BIRTHDAY, GENDER, MGR_ID) VALUES (10, 'MR.TANAKA', 'TANAKA', '23-5月-1975', 1, 9);
INSERT INTO SUBASSISTANTLIST (SUBASSISTANTID, SUBASSISTANTNAME, ENGLISHNAME, BIRTHDAY, GENDER, MGR_ID) VALUES (11, 'MR.INOUE', 'INOUE', '18-2月-1980', 1, 9);
INSERT INTO SUBASSISTANTLIST (SUBASSISTANTID, SUBASSISTANTNAME, ENGLISHNAME, BIRTHDAY, GENDER, MGR_ID) VALUES (12, 'MR.SASAKI', 'SASAKI', '10-10月-1968', 1, 9);

